fips,temp
01003,25.99444444445
01005,25.2583333333333
01007,23.2916666666667
01009,23.5777777777778
01011,24.6583333333333
01013,25.6416666666667
01015,23.275
01017,24.6818181818182
01021,23.7875
01023,27.1888888888889
01025,25.758333333325
01027,22.3916666666667
01029,22.325
01031,25.5583333333333
01033,22.75
01035,25.8375
01039,26.3916666666667
01043,23.009722222225
01047,25.075
01049,22.2
01051,25.0083333333333
01053,26.1611111111
01055,23.1166666666667
01057,24.3818181818182
01059,22.4916666666667
01061,25.1416666666667
01063,24.2666666666667
01065,24.9583333333333
01067,26.54
01071,22.125
01073,24.1749999999975
01075,24.6333333333333
01079,23.3166666666667
01081,24.0541666666667
01083,21.7727272727273
01089,22.525
01091,24.4166666666667
01093,23.8166666666667
01095,22.2208333333333
01097,25.0520833333333
01099,26.8590909090909
01101,24.9055555555417
01103,22.6750000000025
01105,25.05
01107,26.2555555555556
01109,24.8863636363636
01111,24.675
01117,23.7083333333333
01119,26.27
01121,24.2395833333333
01123,24.0958333333333
01125,24.7527777777775
01127,23.3291666666667
01129,26.4833333333333
01131,25.675
01133,22.5416666666667
02013,6.24166666666667
02016,5.48611111110833
02020,7.16932619539031
02050,3.96666666666667
02068,2.82002314814733
02070,4.09027777777417
02090,2.84075850987725
02100,7.74469246031358
02110,8.55166666666333
02122,6.72887045979125
02130,10.2305555555525
02150,7.92781746032417
02170,6.50451212434417
02180,1.5486111111075
02185,-4.52605502136917
02188,1.18184650996817
02220,9.49902777777833
02240,2.733976000256
02261,5.14228965478833
04001,18.2170751634083
04003,25.0173107448167
04005,19.0436706349175
04007,23.4015012254917
04009,23.6388888888917
04011,23.9291666666667
04012,30.535833333325
04013,30.4030372405417
04015,23.0037932900333
04017,20.2777926587417
04019,26.715873015875
04021,29.3015109890083
04023,27.2704166666667
04025,24.02765151515
04027,31.8016666666667
05001,23.0291666666667
05003,23.8583333333333
05005,20.8583333333333
05007,20.7694444444333
05009,20.6916666666667
05011,23.0
05013,23.825
05015,20.425
05017,24.5708333333417
05019,23.8666666666667
05021,20.475
05023,21.9333333333333
05027,24.125
05029,22.4166666666667
05031,21.4458333333333
05033,22.9111111111111
05035,20.4636363636364
05037,21.2
05039,22.7416666666667
05041,22.7638888888833
05043,24.1
05045,22.2166666666667
05047,21.5833333333333
05051,22.8566666666667
05053,23.1333333333333
05055,21.275
05057,22.8166666666667
05059,23.975
05061,24.3416666666667
05063,22.1833333333333
05065,21.6583333333333
05067,21.5
05069,22.7625
05071,19.9291666666667
05073,23.9333333333333
05075,22.1916666666667
05077,21.8583333333333
05079,23.2333333333333
05081,25.4416666666667
05083,23.0
05085,22.3666666666667
05087,20.55
05091,23.7291666666667
05093,21.3527777777667
05095,21.8958333333333
05097,22.1777777777833
05099,23.4333333333333
05101,17.3916666666667
05103,23.4666666666667
05107,24.9363636363636
05109,22.0583333333333
05111,24.2
05113,21.45
05115,22.425
05117,22.25
05119,22.8041666666667
05121,19.9
05125,22.9166666666667
05127,22.7083333333333
05129,21.4763888888892
05131,22.725
05133,24.5708333333333
05135,21.5041666666667
05137,21.6416666666667
05139,24.3416666666667
05143,19.90555555555
05145,21.6833333333333
05147,21.4791666666667
05149,22.8125
06001,20.1775757575667
06005,21.2625
06007,21.5134259259333
06009,20.3770833333333
06011,23.3041666666667
06013,20.4345046619917
06015,16.5916666666667
06017,17.2027146464525
06019,21.4417251462083
06021,23.441666666675
06023,17.9669841269917
06025,30.8194047619083
06027,22.01234848485
06029,22.9598205128167
06031,24.85
06033,20.0288888888917
06035,16.4898148148192
06037,23.2503554490833
06039,21.7736111111083
06041,20.236111111125
06043,18.5997619047667
06045,20.1965151515167
06047,24.0355654761917
06049,15.8003571428667
06051,13.8509469696975
06053,20.8166666666583
06055,21.735
06057,15.8581390831458
06059,23.4105324074083
06061,16.9842414529975
06063,17.5666666666717
06065,27.5129369658167
06067,23.26944444445
06069,21.9083333333333
06071,24.78006978655
06073,23.4538138440833
06075,17.375
06077,23.57875
06079,21.765170940175
06081,18.8657786195167
06083,21.3727272727167
06085,20.35815656565
06087,21.3987698412583
06089,18.660790598285
06091,17.3006944444417
06093,18.4521011396033
06095,23.6277777777833
06097,21.0193350168417
06099,22.766666666675
06103,20.61
06105,20.160484068625
06107,22.4217719780167
06109,20.9671825396917
06111,22.457175925925
06113,23.9805555555583
06115,21.3513888888917
08001,19.2333333333225
08003,16.4791666666667
08005,18.5416666666717
08007,10.1125
08009,21.0638888888967
08011,22.2625
08013,12.9058333333333
08015,12.3120833333333
08017,20.04444444445
08019,9.37194444445583
08021,15.475
08023,8.995277777775
08025,21.5
08027,13.9777777777833
08029,15.0145833333333
08031,20.5
08033,19.8229166666667
08035,17.6948412698508
08037,11.8555555555469
08039,17.2416666666667
08041,16.8636111111133
08043,22.725
08045,15.0431186868708
08047,15.9
08049,11.7203125
08051,11.7182870370378
08053,11.5145833333333
08055,20.35
08057,11.7329166666667
08059,17.2630952381067
08061,20.2625
08063,19.4666666666583
08065,9.63095238095383
08067,14.1742592592583
08069,12.3336755952381
08071,19.6368055555583
08073,18.6464285714367
08075,18.4611111111117
08077,18.2037878787858
08079,11.78125
08081,14.7888888888803
08083,16.3509259259325
08085,16.3616666666667
08087,18.5277777777667
08089,21.7226190476167
08091,13.9305555555525
08093,11.2916666666667
08095,19.9090909090909
08097,12.390625
08099,21.4375
08101,17.46
08103,16.0260101010083
08105,13.7611111111108
08107,11.14743589743
08109,14.2583333333333
08111,11.2760416666667
08113,13.0697916666667
08115,18.5833333333333
08117,9.63518518518917
08119,15.1645833333333
08121,18.5777777777833
08123,18.7694444444583
08125,19.31875
09001,15.5041666666667
09003,14.908333333345
09005,13.8638888888917
09009,15.8
09011,14.9083333333192
09013,11.58
09015,14.9166666666667
10001,17.9333333333333
10003,17.2055555555642
10005,18.3715277777775
12001,27.4111111111083
12003,26.275
12005,25.8333333333333
12007,27.05
12009,27.2486111111083
12011,28.6375000000083
12015,29.0333333333333
12017,28.3166666666667
12019,26.5583333333333
12021,29.1243055555583
12023,26.2818181818182
12027,29.0583333333333
12029,27.0458333333333
12031,25.2875
12033,25.475
12035,26.2583333333333
12037,26.325
12039,27.8090909090909
12041,28.51
12043,28.3125
12045,26.4916666666667
12047,26.85
12049,28.5
12051,30.3924242424273
12053,27.8583333333333
12055,29.0333333333333
12057,27.8229166666667
12061,27.175
12063,26.775
12065,26.5166666666667
12067,26.8666666666667
12069,27.75555555555
12071,28.9125
12073,26.9666666666667
12075,27.1583333333333
12079,26.8416666666667
12081,27.8
12083,28.6291666666667
12085,27.1444444444444
12086,28.786150793625
12087,28.4263888888917
12089,25.4
12091,25.4583333333417
12093,28.6166666666667
12095,28.3833333333333
12097,28.925
12099,28.425
12101,29.1583333333333
12103,27.6833333333333
12105,28.5655555555583
12107,26.9472222222083
12113,25.1444444444444
12115,29.0875
12117,28.3875
12119,28.2666666666667
12121,28.1666666666667
12123,26.5972222222167
12125,27.225
12127,26.9722222222167
12131,26.1
12133,21.9166666666667
13001,25.7666666666667
13003,27.21
13005,25.2666666666667
13009,24.3583333333333
13013,22.15
13015,21.879166666675
13017,25.4833333333333
13019,25.8083333333333
13025,26.3083333333333
13027,25.525
13031,25.1
13033,24.3333333333333
13039,25.275
13045,22.0
13049,26.4833333333333
13051,24.7583333333333
13059,22.8375
13063,23.125
13065,26.075
13067,22.3250000000108
13069,25.7041666666667
13071,25.4166666666667
13073,23.1458333333333
13077,21.85
13081,25.425
13087,27.0
13089,22.225
13091,25.1833333333333
13095,25.675
13101,28.6888888888889
13103,25.45
13105,21.2416666666667
13107,21.55
13109,23.68
13113,22.675
13115,22.5
13121,22.1083333333333
13127,24.5708333333333
13133,21.82
13137,21.2472222222392
13139,21.1375
13147,21.6
13149,25.2583333333333
13151,22.7909090909091
13153,24.675
13157,22.8
13159,23.15
13161,25.0083333333333
13163,24.3291666666667
13175,23.8545454545455
13177,24.4666666666667
13179,25.6272727272727
13183,25.97
13187,21.7714285714286
13191,24.4
13195,22.1166666666667
13199,25.2875
13201,26.83
13205,25.1
13207,23.7333333333333
13213,22.2833333333333
13215,24.8833333333333
13217,25.5875
13219,22.575
13225,25.8666666666667
13227,19.975
13229,26.3166666666667
13233,22.8636363636364
13235,24.825
13241,20.35
13243,24.95
13245,24.2833333333333
13251,24.652777777775
13255,22.8666666666667
13257,22.6916666666667
13259,24.4916666666667
13261,25.0541666666667
13263,23.0916666666667
13267,24.5090909090909
13269,24.2083333333333
13275,26.575
13277,25.0833333333333
13279,25.7833333333333
13281,19.625
13285,24.0166666666667
13287,25.025
13291,20.1083333333333
13293,24.4166666666667
13295,21.0181818181818
13299,26.475
13301,23.5454545454545
13303,25.1571428571429
13305,26.0333333333333
13311,20.5333333333333
13313,23.8333333333333
13315,15.75
13317,23.025
13319,25.0166666666667
15001,23.9922281824417
15003,27.566152887575
15007,26.8854166666667
15009,25.9564083820583
16001,15.7894444444417
16003,15.1007936507973
16005,15.2791666666667
16007,11.9233333333333
16009,12.2259722222225
16011,15.577777777775
16013,11.1557291666667
16015,12.714743589757
16017,11.4594444444527
16019,13.51875
16021,10.2708333333333
16023,12.4286616161642
16025,11.5277777777778
16027,18.5208333333333
16029,12.9486607142881
16031,13.4333333333275
16033,12.6000000000142
16035,13.3027777777781
16037,12.6417424242383
16039,17.0050841750842
16041,13.98
16043,12.3872222222194
16045,17.6416666666667
16047,19.05
16049,14.5783564814806
16053,16.9666666666667
16055,13.675
16057,14.1243055555556
16059,12.7075757575751
16061,14.02194444445
16063,15.3923611111142
16065,13.7125000000028
16067,16.06235119048
16069,14.2083333333333
16071,15.2611111111
16073,15.8810185185167
16075,18.7666666666667
16077,15.105555555555
16079,9.7947420634975
16081,12.4458333333333
16083,15.5826515151425
16085,12.3484657057206
16087,14.2027777777862
17001,16.7833333333333
17003,19.7916666666667
17011,15.1708333333333
17015,15.5666666666667
17019,16.6138888888992
17021,16.7916666666667
17025,18.5916666666667
17027,17.3583333333333
17029,16.8611111110975
17031,15.078125
17033,19.35
17037,13.1636363636364
17043,16.1541666666667
17045,16.4958333333333
17047,18.2625
17049,17.1916666666667
17051,17.3805555555608
17053,15.5625
17055,18.8666666666667
17061,16.9666666666667
17063,15.5083333333333
17065,19.05
17067,16.9541666666667
17069,19.5666666666667
17071,15.9
17073,15.5472222222142
17075,15.9666666666667
17077,17.4027777777775
17079,16.7833333333333
17081,17.3833333333333
17083,17.5583333333333
17085,14.2833333333333
17089,15.2027777777753
17091,16.4916666666667
17095,15.4166666666667
17097,14.115
17099,15.3444444444422
17101,18.175
17103,14.8
17105,16.7583333333333
17107,16.9416666666667
17111,13.05
17113,16.7972222222275
17115,17.55
17117,17.5625
17119,16.48
17121,17.8083333333333
17123,17.275
17125,17.4166666666667
17129,17.05
17131,15.15
17133,20.1375
17135,17.85
17137,17.2875
17141,15.0208333333333
17143,16.2041666666667
17145,18.7166666666667
17147,18.0818181818182
17149,17.2791666666667
17151,20.8083333333333
17155,16.5666666666667
17157,18.5083333333333
17159,17.975
17161,15.875
17165,19.4916666666667
17167,16.9416666666667
17169,16.7083333333333
17171,16.825
17173,17.4583333333333
17177,14.1583333333333
17181,19.9166666666667
17183,16.7833333333333
17185,18.825
17187,16.2958333333333
17189,18.35
17191,17.9166666666667
17193,19.525
17195,13.6833333333333
17197,15.3166666666667
17201,14.5833333333333
17203,16.6666666666667
18001,15.3818181818182
18005,17.3916666666667
18007,15.2
18009,15.8
18011,17.1416666666667
18015,16.8833333333333
18017,15.675
18023,15.7416666666667
18025,19.125
18027,18.1666666666667
18031,16.675
18033,15.475
18035,16.075
18037,18.9583333333333
18039,14.8791666666667
18045,16.0458333333333
18047,17.1818181818182
18049,14.8666666666667
18051,18.0333333333333
18053,15.625
18055,17.575
18057,16.3916666666667
18059,16.05
18063,16.0583333333333
18065,14.6916666666667
18067,15.6916666666667
18069,15.6666666666667
18071,17.2583333333333
18073,15.4666666666667
18075,15.6916666666667
18077,18.2666666666667
18079,20.08
18083,17.825
18085,14.975
18087,14.6
18089,15.4583333333333
18091,14.9958333333333
18093,17.35
18095,16.3458333333333
18097,16.2305555555525
18099,15.0416666666667
18101,18.1416666666667
18105,17.2583333333333
18107,16.3333333333333
18109,16.8916666666667
18111,16.52
18117,18.1708333333333
18119,17.5083333333333
18121,17.725
18123,19.3909090909091
18125,18.4666666666667
18127,15.1479166666667
18129,20.0333333333333
18131,15.3916666666667
18133,16.075
18135,15.6083333333333
18137,16.1416666666667
18139,16.4666666666667
18143,18.7125
18145,16.8916666666667
18151,13.5590909090909
18155,19.175
18157,16.2166666666692
18159,15.525
18163,19.1791666666667
18167,17.6166666666667
18169,15.5666666666667
18173,19.3
18175,17.6363636363636
18177,15.7166666666667
18179,15.1416666666667
18181,17.1666666666667
18183,16.4727272727273
19001,17.2833333333333
19003,16.2416666666667
19005,12.8166666666667
19007,16.3666666666667
19009,15.4583333333333
19011,15.1791666666667
19013,14.7166666666667
19015,15.7333333333333
19017,13.9333333333333
19019,14.4916666666667
19021,14.3666666666667
19023,14.6916666666667
19025,14.75
19027,15.5666666666667
19029,16.7
19031,14.6416666666667
19033,13.6166666666667
19035,14.7416666666667
19037,13.5416666666667
19039,16.4
19041,13.7708333333333
19043,14.7333333333333
19045,15.5916666666667
19047,15.1666666666667
19049,15.625
19051,16.1333333333333
19053,16.4833333333308
19055,14.5666666666667
19057,16.0541666666667
19059,13.2333333333467
19061,14.2277777777783
19063,13.4833333333333
19065,13.625
19067,14.7666666666667
19069,14.2916666666667
19071,17.075
19073,15.8833333333333
19075,14.525
19077,15.9166666666667
19079,14.9833333333333
19081,12.6333333333333
19083,14.4958333333333
19085,16.575
19087,15.8166666666667
19089,13.0916666666667
19091,13.4333333333333
19093,14.6416666666667
19095,15.675
19097,14.7041666666667
19099,15.4166666666667
19101,16.7666666666667
19103,15.8875
19105,14.875
19107,15.4916666666667
19109,13.4583333333333
19111,16.5958333333333
19113,15.0916666666667
19115,15.9666666666667
19117,16.0666666666667
19119,14.2666666666667
19121,16.0083333333333
19123,15.7333333333333
19125,15.9
19127,14.9208333333333
19129,17.6166666666667
19131,13.2416666666667
19133,16.6944444444558
19135,15.8916666666667
19137,17.0
19139,16.2791666666667
19141,13.6277777777858
19143,12.7916666666667
19145,17.0666666666667
19147,14.3333333333333
19149,15.1666666666667
19151,14.3625
19153,16.1375
19155,16.2
19157,14.9083333333333
19159,15.8541666666667
19161,14.8666666666667
19163,15.1416666666667
19165,15.7916666666667
19167,15.2125
19169,15.3666666666781
19171,14.4833333333333
19173,16.0416666666667
19175,16.075
19177,17.9083333333333
19179,14.3909090909091
19181,15.8458333333333
19183,15.9083333333333
19185,15.5916666666667
19187,14.4083333333333
19189,13.3
19191,14.4666666666667
19193,15.7583333333333
19195,12.175
19197,14.375
20001,19.7625
20003,20.3
20005,18.3
20007,21.0166666666667
20009,20.8166666666667
20011,20.0166666666667
20013,18.1666666666667
20015,20.1611111111164
20017,19.9916666666667
20019,21.1166666666667
20021,19.25
20023,19.9166666666667
20025,22.05
20027,20.1666666666667
20029,19.2083333333333
20031,19.4333333333333
20033,21.7375
20035,20.9916666666667
20037,19.9416666666667
20039,19.7833333333333
20041,20.2125
20043,17.8
20045,19.3236111111167
20047,21.8166666666667
20049,20.1333333333333
20051,21.0416666666667
20053,19.7541666666667
20055,20.675
20057,20.5083333333333
20059,21.2545454545454
20061,19.5833333333333
20063,19.4916666666667
20065,20.1708333333333
20067,21.2
20069,20.6708333333333
20071,20.4041666666667
20073,20.3333333333333
20075,20.8166666666667
20077,20.7166666666667
20079,20.0333333333333
20081,20.6916666666667
20083,13.1714285714286
20085,18.9
20087,19.2
20089,19.1916666666667
20091,18.9416666666725
20093,21.6583333333333
20095,20.2083333333333
20097,19.6833333333333
20099,20.0166666666667
20101,20.5583333333333
20103,19.0166666666667
20105,20.7583333333333
20107,18.9833333333333
20109,19.7555555555725
20111,19.5375
20113,19.7166666666667
20115,19.8208333333333
20117,18.85
20119,21.6666666666667
20121,19.4416666666667
20123,19.9333333333333
20125,20.6161111111139
20127,19.1583333333333
20129,21.575
20131,19.0083333333333
20133,20.3291666666667
20135,20.65
20137,19.8208333333333
20139,19.3958333333333
20141,20.7333333333333
20143,21.2916666666667
20145,20.925
20147,19.8958333333333
20149,20.6583333333333
20151,21.4666666666667
20153,19.7166666666667
20155,19.9416666666642
20157,18.8416666666667
20159,19.7416666666667
20161,19.9930555555469
20163,20.7208333333333
20165,19.925
20167,19.6416666666667
20169,20.1916666666667
20171,20.4583333333333
20173,20.35
20175,21.9916666666667
20177,19.4583333333333
20179,18.9916666666667
20181,19.4958333333333
20183,20.125
20185,21.4166666666667
20187,21.9416666666667
20189,21.7916666666667
20191,21.1416666666667
20193,19.7208333333333
20195,20.5083333333333
20199,20.0333333333333
20201,20.1833333333333
20203,20.3625
20205,20.8583333333333
20207,19.8166666666667
21003,20.525
21009,21.0583333333333
21015,17.0833333333333
21019,20.1416666666667
21021,18.475
21025,18.3083333333333
21027,19.7166666666667
21029,20.5166666666667
21033,21.4
21035,20.65
21039,26.8
21041,18.775
21043,19.2499999999975
21047,20.475
21051,17.8818181818182
21061,20.4458333333333
21067,18.0
21073,18.3041666666667
21077,18.3666666666667
21081,18.7833333333333
21083,23.5
21085,19.45
21087,20.0083333333333
21093,19.4416666666667
21095,19.3333333333333
21097,18.4583333333333
21101,19.675
21107,20.9666666666667
21111,18.9097222222278
21113,19.6833333333333
21115,19.1
21121,19.9916666666667
21123,19.1333333333333
21125,18.9166666666667
21129,17.1333333333333
21131,17.3125
21141,20.225
21145,20.0916666666667
21147,19.25
21151,19.0375
21155,19.9333333333333
21157,15.5
21163,18.325
21169,20.1666666666667
21173,18.6727272727273
21175,20.5666666666667
21179,18.9916666666667
21183,19.8458333333333
21185,18.5833333333333
21199,19.8166666666667
21203,19.2625
21205,19.4916666666667
21207,19.4
21211,18.8083333333333
21221,14.1
21227,19.9583333333333
21231,19.2666666666667
21233,20.2583333333333
21235,18.7916666666667
22001,25.9416666666667
22003,26.0291666666667
22007,26.05
22009,25.975
22011,25.8333333333333
22013,24.9333333333333
22015,25.025
22017,25.1222222222192
22019,25.7541666666667
22021,24.9333333333333
22023,25.5666666666667
22025,25.9916666666667
22027,24.1416666666667
22031,25.65
22033,26.3291666666667
22035,24.425
22037,25.4727272727273
22041,25.4083333333333
22045,25.4416666666667
22047,25.8416666666667
22051,26.5145833333333
22053,26.1361111111083
22055,25.5083333333333
22057,25.85
22059,25.35
22061,24.4333333333333
22065,24.825
22067,25.1272727272727
22069,25.6888888888833
22073,25.1354166666667
22075,25.5652777777667
22079,25.6269675925917
22083,23.06
22085,25.3458333333333
22105,26.4666666666667
22107,26.1916666666667
22109,26.5875
22111,24.175
22113,25.325
22115,24.8749999999833
22117,26.4333333333333
22119,24.675
22121,26.3833333333333
22125,25.7166666666667
22127,25.1666666666667
23001,12.3583333333333
23003,9.86666666666334
23005,12.1840277777808
23007,9.71166666666667
23009,11.7
23011,12.4944444444361
23013,11.7666666666667
23015,12.1625
23017,11.9548611111108
23019,10.9161111111108
23021,10.2552777777883
23025,11.2916666666667
23027,12.775
23029,11.7091666666648
23031,13.2375
24001,16.272222222225
24003,18.6708333333333
24009,20.2
24013,16.8583333333333
24015,18.2545454545455
24019,19.6833333333333
24021,18.3208333333333
24023,14.9083333333333
24025,18.625
24027,17.0545454545455
24031,17.9027777777725
24033,18.6766666666667
24035,18.6458333333333
24039,22.4666666666667
24041,19.175
24043,16.9625
24045,19.1125
24047,18.2604166666667
25001,13.5638888888858
25003,12.8309523809608
25005,15.0883333333333
25007,14.5166666666667
25009,14.753125
25011,13.6416666666667
25013,14.4416666666667
25015,13.7666666666667
25017,14.9433333333333
25019,13.1916666666667
25021,14.75
25023,14.9708333333333
25025,15.0125
25027,14.0066964285717
26001,11.7333333333333
26003,11.1708333333333
26005,13.7166666666667
26007,11.9722222222142
26009,12.5916666666667
26011,13.3916666666667
26013,9.78181818181818
26015,15.0666666666667
26017,13.3833333333333
26019,12.6583333333333
26021,14.2111111111169
26023,13.0916666666667
26025,14.45
26027,15.1916666666667
26029,12.6125
26031,12.6944444444392
26033,10.6444444444411
26037,13.8
26039,12.4666666666667
26041,11.425
26043,11.6166666666667
26045,13.7333333333333
26047,11.0666666666667
26049,13.825
26051,13.7583333333333
26055,13.3625
26057,14.1666666666667
26059,14.6454545454545
26061,10.8166666666667
26063,12.7175
26065,14.1458333333333
26067,13.3916666666667
26069,13.125
26071,10.447222222225
26073,11.5
26075,14.2833333333333
26077,15.0458333333333
26079,12.15
26081,13.7083333333333
26083,9.89305555555833
26085,13.8166666666667
26087,13.5833333333333
26089,12.2208333333333
26091,14.9416666666667
26093,14.0583333333333
26095,10.87625
26097,11.6083333333333
26099,14.175
26101,13.2666666666667
26103,10.8472222222186
26105,13.7916666666667
26107,13.9916666666667
26109,12.8416666666667
26111,14.5833333333333
26113,12.25
26115,14.4166666666667
26117,14.825
26119,11.3666666666667
26121,13.5083333333333
26123,13.925
26125,13.845833333325
26127,11.9727272727273
26129,13.2833333333333
26131,11.575
26135,13.1083333333333
26137,11.5708333333333
26139,14.03472222223
26141,12.525
26143,12.471527777775
26145,13.6
26151,13.4833333333333
26153,10.5583333333281
26155,13.9541666666667
26157,13.6555555555533
26159,15.6272727272727
26161,14.6111111111219
26163,14.935
26165,12.2833333333333
27001,10.9388888888917
27003,12.525
27005,11.2166666666667
27007,9.46583333333333
27015,13.0375
27017,11.1854166666667
27019,13.5083333333333
27021,10.4291666666667
27023,12.5916666666667
27025,13.7125
27027,11.1166666666692
27031,8.56875
27033,13.4916666666667
27035,11.0444444444408
27037,13.0694444444333
27041,10.8
27043,13.6069444444558
27045,13.0166666666667
27047,12.7666666666667
27049,13.2958333333333
27053,12.99611111112
27055,12.5083333333333
27057,10.2958333333333
27059,10.9833333333333
27061,10.4291666666667
27063,12.675
27065,11.6333333333333
27067,12.3541666666667
27071,10.2791666666667
27073,13.1166666666667
27075,9.67333333333333
27077,10.0861111111028
27083,13.2277777777783
27085,13.1333333333333
27089,11.0333333333333
27091,15.3909090909091
27093,12.15
27095,12.3
27097,13.0416666666667
27099,12.1708333333333
27101,13.0333333333333
27103,13.0583333333333
27105,12.925
27107,10.8583333333333
27109,12.9416666666667
27111,11.5277777777664
27113,9.26818181818182
27115,11.3083333333333
27117,13.1833333333333
27119,10.4625
27121,13.05
27123,13.3229166666667
27125,11.2636363636364
27127,13.3666666666667
27129,11.7545454545455
27131,12.725
27133,14.175
27135,9.44166666666667
27139,12.8333333333333
27143,12.55
27145,12.6750000000092
27147,12.6916666666667
27149,11.8333333333333
27151,12.7277777777775
27153,12.425
27155,12.8041666666667
27157,13.075
27159,10.7333333333333
27161,13.075
27163,14.95
27165,12.9333333333333
27167,11.7916666666667
27169,14.3208333333333
27171,12.5
27173,13.8666666666667
28001,24.6909090909091
28003,22.0181818181818
28005,25.7333333333333
28007,23.1583333333333
28009,22.9416666666667
28011,24.0090909090909
28013,23.9833333333333
28015,29.0
28017,24.0625
28021,24.9666666666667
28023,25.05
28027,22.775
28029,25.2333333333333
28031,25.05
28035,28.1
28037,25.575
28043,22.9818181818182
28045,26.0541666666667
28047,25.4375
28049,25.7708333333333
28051,24.1958333333333
28053,25.0583333333333
28057,23.3166666666667
28059,25.4875
28067,25.325
28069,24.2333333333333
28071,23.45
28073,26.0
28075,25.1583333333333
28077,26.66
28079,25.0333333333333
28081,23.5902777777833
28083,24.0
28085,24.9083333333333
28087,24.6916666666667
28089,24.7
28091,25.5833333333333
28093,23.775
28095,23.7583333333333
28097,23.2583333333333
28099,25.475
28101,25.2916666666667
28103,24.6708333333333
28105,23.8333333333333
28107,23.2916666666667
28109,26.2458333333333
28111,27.0375
28113,25.5416666666667
28115,22.6333333333333
28117,22.0416666666667
28121,24.9625
28123,24.9583333333333
28125,24.775
28127,24.85
28129,27.3142857142857
28131,26.475
28133,24.175
28135,23.3208333333333
28137,22.1
28139,22.0
28141,22.1833333333333
28143,22.6583333333333
28147,25.9916666666667
28149,26.4083333333333
28151,23.1083333333333
28153,25.1583333333333
28155,24.3666666666667
28157,25.8916666666667
28159,24.5285714285714
28161,23.2083333333333
28163,24.0416666666667
29001,16.4916666666667
29005,20.5571428571429
29007,17.6708333333333
29009,19.55555555555
29011,19.95
29013,20.225
29015,19.1083333333333
29017,20.2083333333333
29019,18.5708333333333
29023,20.4458333333417
29025,17.3
29027,17.975
29031,20.1583333333333
29033,18.1818181818182
29037,19.075
29039,19.5625
29041,17.6791666666667
29043,18.6666666666667
29047,17.0916666666667
29051,18.8791666666667
29053,19.55
29055,19.0583333333333
29057,19.9666666666667
29061,15.9818181818182
29063,17.3916666666667
29065,20.4833333333333
29067,19.1583333333333
29069,20.8916666666667
29071,19.3083333333333
29075,17.2833333333333
29077,19.0916666666667
29079,17.5458333333333
29081,17.075
29083,18.7291666666667
29085,19.8
29087,18.9818181818182
29089,18.1083333333333
29091,19.5458333333333
29093,18.8
29095,18.4875
29097,20.3583333333308
29099,18.9833333333333
29101,18.9916666666667
29105,19.6916666666667
29107,18.45
29109,20.0583333333333
29111,16.6416666666667
29113,19.7916666666667
29115,17.275
29117,17.6458333333333
29119,20.1583333333333
29121,17.4333333333333
29123,18.8833333333333
29125,18.2875
29127,17.3638888888892
29129,17.2666666666667
29131,19.9833333333333
29133,20.2833333333333
29135,18.4416666666667
29141,19.7083333333333
29143,20.1833333333333
29145,19.925
29147,17.5583333333333
29149,20.7916666666667
29151,17.7583333333333
29153,19.5083333333333
29155,20.6333333333333
29157,19.2083333333333
29159,18.4291666666667
29161,18.9416666666667
29163,17.6375
29165,18.3333333333333
29167,19.475
29169,19.6083333333333
29175,18.5
29179,22.8333333333333
29181,20.5916666666667
29195,17.8833333333333
29199,16.3333333333333
29201,19.5875
29205,17.8416666666667
29207,19.475
29209,19.8833333333333
29213,20.9166666666667
29215,19.5
29217,19.2916666666667
29219,20.27
29221,17.8916666666667
29223,20.9
29225,19.225
29227,16.575
29229,19.1611111111167
30001,11.4000000000018
30003,14.9571428571338
30005,13.5882936508011
30007,11.261805555555
30009,12.7145833333342
30011,14.791666666675
30013,14.6861111111023
30015,14.7777777777858
30017,14.8833333333333
30019,11.825
30021,14.2291666666556
30023,10.9305555555663
30025,13.9791666666642
30027,13.0422222222194
30029,11.0606355715353
30031,10.653192007796
30033,14.2313888888831
30035,10.3364583333333
30037,15.5916666666506
30039,10.3162698412728
30041,13.5073743386178
30043,10.34166666665
30045,13.1541666666717
30047,11.7523809523816
30049,11.8093154761928
30051,14.1416666666667
30053,11.6096590909065
30055,13.5722222222223
30057,10.06111111111
30059,9.14285714287
30061,12.3826388888867
30063,11.1456349206438
30065,16.7545454545455
30067,11.5270833333333
30069,15.0718749999983
30071,13.8875000000025
30073,13.4333333333333
30075,15.61
30077,14.1
30079,14.5566666666667
30081,12.4236994949528
30083,14.3361111111108
30085,13.2326388888917
30087,15.4052777777833
30089,14.3341666666667
30091,11.335
30093,11.6499999999967
30095,11.8861111111193
30097,11.6527777777881
30099,12.2559523809539
30101,13.10555555555
30103,14.8541666666667
30105,12.8354166666667
30107,14.0034722222242
30109,13.6583333333333
30111,15.5988095238067
31001,17.1625
31003,16.18611111112
31005,17.2916666666667
31007,17.6916666666667
31009,17.8652777777833
31011,16.4666666666667
31013,16.9888888888892
31015,16.0916666666667
31017,16.875
31019,17.3291666666667
31021,16.4375
31023,17.1458333333333
31025,17.2833333333333
31027,16.15
31029,18.7972222222167
31031,16.6305555555477
31033,17.6416666666667
31035,17.225
31037,15.55
31039,15.8166666666667
31041,17.0020833333333
31045,16.6499999999969
31047,17.3986111111025
31049,18.8652777777808
31051,16.7
31053,17.65
31055,16.4416666666667
31057,20.4666666666667
31059,17.7666666666667
31061,18.8333333333333
31063,18.5916666666667
31065,19.03125
31067,18.1083333333333
31069,17.8666666666667
31071,17.1375
31075,15.1
31077,16.6416666666667
31079,17.3083333333333
31081,16.775
31083,18.8333333333333
31085,18.5333333333333
31087,19.4208333333333
31089,16.30625
31091,16.8916666666667
31093,17.9416666666667
31095,19.075
31097,18.225
31099,17.6833333333333
31101,18.3291666666667
31103,15.0
31105,17.8916666666667
31107,16.2083333333333
31109,17.9916666666667
31111,17.865
31113,17.8333333333333
31117,17.1416666666667
31119,16.1944444444467
31121,18.2916666666667
31123,19.3333333333333
31125,17.9166666666667
31127,18.55
31129,19.5833333333333
31131,17.9916666666667
31133,18.1166666666667
31135,18.1833333333333
31137,17.4458333333333
31139,16.4916666666667
31141,16.5833333333333
31143,17.575
31145,19.04444444445
31147,19.1666666666667
31149,16.6083333333333
31151,18.6666666666667
31155,17.2416666666717
31157,18.0916666666667
31159,19.05
31161,15.9397222222275
31163,17.2541666666667
31165,16.0166666666586
31167,16.3125
31169,18.4333333333333
31171,17.425
31173,17.3333333333333
31175,16.8388888888833
31177,16.3583333333333
31179,15.75
31181,18.75
31183,17.0333333333333
31185,17.3583333333333
32001,19.655
32003,26.3470624068333
32005,16.9493055555558
32007,14.7769999333725
32009,21.5430555555583
32011,15.9791666666658
32013,16.7070363562067
32015,18.51875
32017,21.247638888895
32019,20.6901388888892
32021,21.8666666666667
32023,20.34594017095
32027,19.675
32029,16.1166666666667
32031,16.715
32033,16.441724537045
32510,18.7583333333333
33001,13.25
33003,12.9458333333333
33005,12.5375
33007,9.4187500000025
33009,12.1479166666667
33011,13.90375
33013,13.1652777777775
33015,14.2638888888889
33017,14.8833333333333
33019,12.8083333333333
34001,17.2777777777808
34003,16.775
34005,18.285
34007,28.15
34009,18.4458333333333
34011,17.3375
34013,16.0666666666667
34015,17.95
34017,2.9
34019,16.8583333333392
34021,16.5666666666667
34023,17.2041666666667
34025,16.6680555555558
34027,15.2847222222333
34029,16.7069444444417
34031,15.725
34033,13.55
34035,16.3333333333333
34037,14.9930555555531
34039,16.6208333333392
34041,15.8916666666667
35001,20.6208333333333
35003,19.4442460317583
35005,25.8458333333333
35006,20.8604166666667
35007,17.5312878787917
35009,23.8958333333225
35011,23.25
35013,26.2208333333333
35015,25.4757936507917
35017,21.865773809525
35019,23.4208333333333
35021,21.7354166666667
35023,25.9895833333333
35025,25.8686111111083
35027,21.0404761904692
35028,14.1166666666667
35029,26.3375
35031,19.1074074074117
35033,15.3333333333333
35035,21.9293055555583
35037,23.0266666666642
35039,16.8779017857167
35041,24.1388888888917
35043,21.039722222225
35045,20.0836805555533
35047,18.0488095238108
35049,16.065
35051,23.2245535714333
35053,22.58055555555
35055,15.1499999999967
35057,19.8349702380917
35059,20.7791666666667
35061,24.9791666666667
36001,13.5750000000025
36003,12.9638888888883
36007,13.0638888888825
36009,12.8951388888858
36011,13.35
36013,14.24375
36015,13.8166666666667
36017,13.5125
36019,11.7375
36021,14.5388888889055
36023,12.4125
36025,13.3333333333333
36027,14.8020833333281
36029,12.6194444444442
36031,11.5041666666667
36033,10.2027777777939
36035,12.475
36037,13.9583333333333
36039,13.2291666666667
36041,11.1722222222164
36043,-1.5
36045,12.2208333333333
36047,16.2666666666667
36049,9.97916666666666
36051,13.8345833333333
36053,11.2916666666667
36055,13.5166666666667
36057,12.0666666666667
36059,15.6094444444442
36061,15.9
36063,12.9916666666667
36065,11.0833333333386
36067,13.475
36069,13.3722222222133
36071,15.0766666666667
36073,14.1166666666667
36075,12.775
36077,12.6125
36079,14.4083333333333
36083,10.9227272727273
36089,11.5395833333333
36091,13.0375
36095,11.9636363636364
36101,14.1027777777725
36103,15.4297453703667
36105,12.1916666666667
36107,13.6909090909091
36109,13.0541666666667
36111,12.1222222222275
36113,13.2791666666667
36115,14.2333333333333
36117,13.6416666666667
36119,15.308333333325
36121,11.0083333333333
36123,13.0666666666667
37001,20.975
37003,20.3
37007,22.275
37009,16.8125
37011,12.8249999999944
37013,21.8666666666667
37017,23.3
37019,23.115277777775
37021,17.5565476190475
37023,21.05
37025,21.4166666666667
37027,21.0083333333333
37029,20.975
37031,21.6819444444417
37033,20.8666666666667
37035,20.225
37037,20.6333333333333
37039,20.4958333333333
37041,21.5416666666667
37043,20.2416666666667
37045,20.825
37047,23.7583333333333
37049,22.025
37051,22.7881944444442
37055,20.5527777777833
37057,21.4
37059,21.6583333333333
37061,22.9875
37063,19.9363636363636
37065,21.5
37067,19.8916666666667
37069,21.8181818181818
37071,21.858333333325
37075,21.2833333333333
37077,20.3416666666667
37079,22.5166666666667
37081,20.3083333333333
37083,21.1458333333333
37085,21.7666666666667
37087,19.508333333325
37089,19.4258333333333
37091,20.7958333333333
37093,22.0166666666667
37095,20.8416666666667
37097,21.5916666666667
37099,20.125
37101,21.5958333333333
37105,22.0666666666667
37107,22.3458333333333
37109,21.275
37111,21.15
37113,19.080555555555
37115,19.7791666666667
37117,21.1916666666667
37121,18.9416666666667
37129,23.0375
37131,20.5583333333333
37133,23.4583333333333
37135,20.7833333333392
37137,23.175
37145,20.4416666666667
37147,21.7666666666667
37149,22.6333333333333
37151,19.06
37153,22.5222222222225
37155,22.5472222222108
37157,20.0583333333333
37159,21.0791666666667
37161,21.2666666666667
37163,21.3363636363636
37165,22.1090909090909
37167,21.26
37169,25.09
37171,19.8
37173,20.9583333333333
37175,19.1416666666667
37179,21.8041666666667
37181,20.5333333333333
37183,21.0031944444367
37185,22.7
37187,22.7083333333333
37189,16.5
37191,21.1636363636364
37193,20.9958333333333
37195,21.4333333333333
37197,19.4333333333333
38001,13.2416666666667
38003,11.625
38005,10.3250000000025
38007,13.675
38009,10.2972222222258
38011,13.5833333333333
38015,12.8583333333333
38017,11.475
38019,9.29166666666667
38021,12.2733333333333
38023,9.95277777777167
38025,12.5499999999883
38029,11.7083333333333
38031,11.0833333333333
38033,13.5875
38035,10.6152777777861
38037,12.9291666666667
38039,9.28
38041,14.3166666666667
38043,11.6138888888861
38047,11.2083333333333
38049,11.315277777775
38051,12.05
38053,12.7954166666667
38055,11.2448908730108
38057,12.9583333333333
38059,12.125
38061,10.0
38063,10.125
38065,12.0666666666667
38067,9.225
38069,10.7583333333333
38071,9.01818181818182
38073,11.8951388888833
38075,10.2416666666667
38079,9.21666666666667
38081,12.0875
38083,11.0416666666667
38085,13.9416666666667
38087,13.75
38089,13.0541666666667
38091,10.6416666666667
38093,11.3444444444444
38097,11.425
38099,9.4
38101,11.1395833333333
38103,11.575
38105,11.6770833333333
39003,15.3416666666667
39005,14.8916666666667
39007,14.1541666666667
39009,17.4416666666667
39013,15.6583333333333
39015,17.4333333333333
39017,17.7958333333333
39021,15.825
39023,16.0
39025,18.325
39027,16.2
39029,15.975
39031,15.8583333333333
39033,12.2
39035,14.5333333333333
39037,15.5
39039,15.1791666666667
39041,20.86
39043,14.4833333333333
39045,16.8333333333333
39047,12.3
39049,16.6520833333333
39051,14.875
39053,18.4166666666667
39055,13.85
39057,15.4545454545455
39059,17.275
39061,18.3958333333333
39063,15.2166666666667
39065,15.4
39067,15.2166666666667
39071,16.075
39073,16.525
39075,15.5583333333333
39077,14.625
39079,18.1
39081,15.9166666666667
39083,15.2166666666608
39085,14.7125
39087,19.1666666666667
39089,15.9875
39091,15.025
39093,15.3444444444358
39095,15.0333333333333
39097,17.475
39101,15.3375
39103,14.5333333333333
39107,15.6416666666667
39113,16.9833333333333
39115,16.7083333333333
39119,15.3625
39121,0.7
39125,14.9916666666667
39127,16.475
39129,16.8833333333333
39131,17.8166666666667
39133,13.7583333333333
39135,16.2916666666667
39137,15.0833333333333
39139,14.4083333333333
39141,17.2833333333333
39143,15.35
39145,17.9454545454545
39147,15.3666666666667
39149,15.7333333333333
39151,14.4333333333333
39153,14.7583333333333
39155,15.1069444444475
39157,16.4569444444444
39159,16.2666666666667
39161,15.6333333333333
39165,16.7916666666667
39167,17.9416666666667
39169,14.2458333333333
39171,15.4583333333333
39173,15.69375
39175,15.1833333333333
40001,21.175
40003,21.75555555555
40007,22.2833333333333
40009,22.2861111111225
40011,21.9944444444392
40013,25.3
40015,22.1625
40017,21.9583333333333
40019,23.9458333333333
40021,21.4416666666667
40025,22.5458333333333
40027,21.5416666666667
40029,22.86
40031,23.0354166666667
40033,23.9083333333333
40035,22.5272727272727
40037,22.5583333333333
40039,23.1333333333333
40041,21.6375
40043,21.825
40045,21.425
40047,21.5666666666667
40049,22.8625000000025
40051,24.1083333333333
40053,22.9666666666667
40055,23.6708333333333
40057,24.15
40059,23.6958333333333
40061,23.2166666666667
40063,24.82
40065,23.8583333333333
40067,24.9
40071,21.2604166666667
40073,22.0916666666667
40075,22.7833333333333
40077,22.975
40079,23.16875
40081,21.7041666666667
40083,22.3708333333333
40085,23.45
40087,23.0375
40089,23.4972222222225
40091,21.5583333333333
40093,21.7666666666667
40095,23.5666666666667
40097,21.3333333333333
40099,24.3363636363636
40101,22.2527777777775
40103,22.075
40105,21.8666666666667
40107,23.3166666666667
40109,21.7041666666667
40111,22.55
40113,21.7430555555583
40117,23.9888888888889
40119,21.8250000000025
40121,22.6791666666667
40123,22.8333333333333
40127,23.55
40129,21.6166666666667
40131,20.3
40133,22.7583333333333
40135,21.575
40137,23.1666666666667
40139,22.7027777777725
40141,24.2055555555692
40143,21.7305555555475
40145,22.8909090909091
40147,22.05
40149,22.35
40151,23.5208333333333
40153,21.8986111111192
41001,13.8483501683542
41003,16.1
41005,12.8813541666667
41007,14.7416666666583
41009,15.6466666666667
41011,16.143287037025
41013,14.6322222222283
41015,16.9499999999933
41017,14.0718198555792
41019,16.4051282051225
41021,16.3625
41023,13.6487301587275
41025,14.4101010101025
41027,12.8484848484842
41029,15.6787643127417
41031,15.7758928571417
41033,17.5623842592625
41035,13.9815025252642
41037,14.8538442460308
41039,15.4052606493167
41041,15.45875
41043,14.5458333333375
41045,17.2209490740675
41047,16.49375
41049,15.0083333333242
41051,16.74375
41053,15.0125000000025
41055,15.0611111111117
41057,14.4326388888917
41059,15.1447802197867
41061,12.6396428571383
41063,12.933234126982
41065,15.3541666666667
41067,15.4029629629583
41069,12.8399206349225
41071,16.9791666666667
42001,16.9
42003,16.2020833333333
42005,16.0388888888744
42007,15.9333333333333
42009,15.7375
42011,16.12875
42013,14.7708333333333
42015,14.225
42017,16.7020833333333
42019,15.5125
42021,14.4680555555583
42023,15.0958333333333
42025,15.3416666666667
42027,14.3083333333333
42029,17.0145833333333
42031,14.875
42033,14.7416666666667
42035,15.925
42039,13.8566666666667
42041,15.7916666666667
42043,16.7902777777833
42045,17.2583333333333
42047,13.8833333333333
42049,13.7458333333333
42051,15.9858333333333
42053,13.8458333333333
42055,16.2363636363636
42059,16.4333333333333
42061,16.3416666666667
42063,17.3
42065,15.9285714285714
42071,16.4895833333333
42073,15.2818181818182
42075,15.725
42077,15.6583333333333
42079,14.2458333333333
42081,15.7625
42083,12.4763888888917
42085,15.4
42087,15.9545454545455
42089,13.5111111111055
42091,17.1623611111083
42095,16.05
42101,17.8916666666667
42103,14.4583333333333
42105,11.4285714285714
42107,5.95
42109,15.8458333333333
42113,11.8636363636364
42115,12.2083333333333
42117,12.5583333333333
42119,16.0
42121,15.5583333333333
42123,14.2333333333333
42125,15.9875
42127,13.85
42129,15.0983333333217
42133,17.3250000000083
44003,15.1666666666667
44005,14.659722222225
44007,14.7666666666667
44009,15.3944444444467
45001,22.9333333333333
45003,25.3333333333333
45005,24.7454545454545
45007,22.6111111111108
45009,23.7666666666667
45011,25.0916666666667
45013,20.85
45015,24.5111111111083
45019,23.0951388888833
45021,21.725
45023,22.4416666666667
45025,22.9583333333225
45027,24.3916666666667
45029,23.5363636363636
45031,23.5083333333333
45033,22.4083333333333
45035,23.7833333333333
45037,23.5583333333333
45039,22.8
45041,23.6541666666667
45043,23.5958333333333
45045,20.69375
45047,23.0083333333333
45049,25.5541666666667
45051,22.7416666666667
45055,22.9
45057,23.3583333333333
45059,23.2166666666667
45061,23.675
45063,23.5125
45069,22.7333333333333
45071,23.1916666666667
45073,21.8583333333333
45075,24.7430555555583
45077,22.35
45079,24.49444444445
45081,23.425
45083,22.4333333333333
45085,23.6
45087,22.7916666666667
45089,24.1583333333333
45091,22.2
46003,15.8916666666667
46005,14.95
46007,16.6375
46009,15.4916666666667
46011,13.1666666666667
46013,12.7458333333333
46015,15.4777777777889
46017,15.6208333333333
46019,15.544444444445
46021,13.6583333333333
46023,16.402777777775
46025,11.4454545454545
46027,16.7833333333333
46029,12.5583333333333
46031,13.375
46033,13.6254629629629
46035,15.1
46037,12.0
46039,12.1291666666667
46041,14.6597222222225
46043,16.6
46045,12.45
46047,16.6047619047662
46049,14.4416666666667
46051,13.05
46053,15.4083333333333
46055,16.2047619047658
46057,12.5583333333333
46059,14.0083333333333
46061,14.2454545454545
46063,14.5583333333253
46065,16.6833333333333
46067,16.1083333333333
46069,15.3097222222303
46071,16.4291666666667
46073,14.7416666666667
46075,15.2833333333333
46077,13.4416666666667
46079,13.9583333333308
46081,13.378240740741
46083,15.3333333333333
46085,16.4916666666667
46087,14.1416666666667
46089,12.7083333333333
46091,12.0708333333333
46093,15.255
46095,17.0083333333333
46097,13.7916666666667
46099,13.775
46101,12.7916666666667
46103,15.32023809523
46105,14.77
46107,13.325
46109,12.15625
46111,15.7083333333333
46113,16.5674603174592
46115,13.5083333333333
46117,16.6375
46119,14.4166666666667
46121,15.8470833333333
46123,17.0083333333333
46125,17.6111111111111
46127,14.8083333333333
46129,13.2666666666667
46135,15.9083333333333
46137,14.7416666666692
47001,20.475000000005
47003,21.6166666666667
47005,21.6708333333333
47007,21.5166666666667
47009,19.3777777777692
47011,21.3083333333333
47013,20.75
47015,21.2583333333333
47017,20.0166666666667
47019,19.7666666666667
47021,21.7208333333333
47025,19.95
47027,21.0416666666667
47029,20.9333333333333
47031,20.5458333333333
47035,18.4583333333333
47037,21.1291666666667
47039,22.4333333333333
47041,20.8166666666667
47043,20.5083333333333
47045,20.1
47047,22.7041666666667
47049,19.025
47051,20.2333333333333
47053,21.65
47055,21.75
47057,18.94
47059,20.975
47061,18.9916666666667
47063,19.8666666666667
47065,19.71944444445
47069,22.1333333333333
47071,23.3666666666667
47073,20.5
47075,21.25
47077,21.4090909090909
47079,19.9833333333333
47081,21.6583333333333
47083,20.275
47085,17.8777777777778
47087,20.5833333333333
47089,20.15
47091,18.1916666666667
47093,20.875
47097,20.3090909090909
47099,20.6166666666667
47101,20.6833333333333
47103,22.5541666666667
47105,21.3166666666667
47107,21.05
47109,22.2166666666667
47111,20.5
47113,21.4416666666667
47115,19.1958333333333
47117,21.175
47119,21.0611111111083
47121,21.1083333333333
47123,21.7583333333333
47125,21.1166666666667
47127,21.2166666666667
47129,19.3083333333333
47131,20.3083333333333
47133,21.9545454545455
47135,21.6916666666667
47137,20.2666666666667
47141,19.4
47143,20.7916666666667
47145,20.6416666666667
47147,20.275
47149,21.0
47151,19.3
47155,16.28125
47157,22.2722222222225
47159,20.5916666666667
47161,20.2583333333333
47163,20.4333333333333
47165,20.2
47167,21.7416666666667
47169,20.7333333333333
47171,19.9166666666667
47173,19.9333333333333
47175,19.6416666666667
47177,21.0833333333333
47179,19.6291666666667
47181,21.875
47183,20.7375
47185,21.2916666666667
47187,20.9916666666667
47189,21.025
48001,26.0083333333333
48003,28.2
48005,25.9694444444417
48007,26.4375
48009,25.4
48011,18.12
48013,28.3625
48015,27.1333333333333
48017,28.6625
48019,20.8
48021,27.252777777775
48023,25.675
48025,27.9916666666667
48027,26.183333333325
48029,27.197222222225
48031,26.4833333333333
48033,26.175
48035,26.1083333333333
48037,24.0388888888833
48039,26.73875
48041,27.0416666666667
48043,27.0866666666667
48045,22.7416666666667
48047,31.025
48049,26.2333333333333
48051,27.3333333333333
48053,25.5166666666667
48055,27.5636363636364
48057,26.2652777777833
48059,25.675
48061,28.728125
48065,21.9416666666667
48067,20.7
48069,22.5666666666667
48071,26.2916666666667
48073,25.94444444445
48075,23.925
48077,23.0166666666667
48079,24.3125
48081,26.6833333333333
48083,26.225
48085,24.2527777777917
48087,24.7083333333333
48089,28.65
48091,26.4791666666667
48093,26.8416666666667
48095,26.8625
48097,23.0454545454545
48099,26.575
48101,24.8625
48103,25.92
48105,26.6395833333333
48107,24.2
48109,23.4333333333333
48111,21.7625
48113,25.2666666666667
48115,24.7166666666667
48117,22.7
48121,24.4076388888917
48123,27.9208333333333
48125,24.7625
48127,30.3541666666667
48129,23.525
48131,29.697222222225
48133,25.325
48135,26.4694444444417
48137,25.275
48139,24.0833333333333
48141,26.5425
48143,24.7833333333333
48145,26.1083333333333
48147,23.0708333333333
48149,26.527777777775
48151,24.95
48153,23.2333333333333
48155,25.225
48157,27.5125
48159,23.9083333333333
48161,25.825
48163,28.6208333333333
48165,24.8916666666667
48167,26.1236111111083
48169,24.8583333333333
48171,26.95
48173,24.1
48175,29.1416666666667
48177,27.0791666666667
48179,21.5166666666667
48181,23.5090909090909
48183,25.1194444444475
48185,27.625
48187,26.8416666666667
48189,22.8958333333333
48191,24.0333333333333
48193,25.2125
48195,23.5416666666667
48197,24.3666666666667
48199,26.6
48201,26.8433333333333
48203,24.5958333333333
48205,22.3958333333333
48207,25.1583333333333
48209,26.9333333333333
48211,22.4291666666667
48213,24.8208333333333
48215,30.38
48217,25.6708333333333
48219,24.7583333333333
48223,24.8166666666667
48225,25.1666666666667
48227,24.7909090909091
48229,26.3041666666667
48231,23.8416666666667
48233,23.5020833333333
48237,24.1083333333333
48241,26.3791666666667
48243,24.85
48245,25.8361111111083
48247,29.5666666666667
48249,29.6166666666667
48251,25.3666666666667
48253,25.8958333333333
48255,28.4166666666667
48257,24.4416666666667
48259,26.0583333333333
48263,24.95
48265,25.5666666666667
48267,26.4083333333333
48269,25.25
48271,24.9666666666667
48273,29.375
48275,25.4833333333333
48277,23.8916666666667
48279,23.3375
48281,20.5
48285,26.7833333333333
48287,26.825
48289,26.0
48291,26.725
48293,25.1272727272727
48297,29.1916666666667
48299,26.2333333333333
48301,29.7636363636364
48303,23.6916666666667
48305,24.3333333333333
48307,25.8666666666667
48309,25.65
48311,29.175
48313,26.5416666666667
48315,24.2916666666667
48319,25.8333333333333
48321,26.4833333333417
48323,28.8666666666667
48325,27.6125
48327,26.5166666666667
48329,26.2041666666667
48331,27.0
48333,25.6333333333333
48335,25.7416666666667
48337,23.3166666666667
48339,26.8680555555583
48341,22.025
48343,24.9458333333333
48345,23.9791666666667
48347,26.7083333333333
48349,25.3
48351,25.825
48353,24.675
48355,27.97
48357,22.5454545454545
48363,26.1208333333333
48365,25.025
48367,24.2666666666667
48369,22.4833333333333
48371,27.4944444444417
48373,26.3916666666667
48375,22.4833333333333
48377,28.188690476175
48379,24.15
48381,24.2666666666667
48383,26.4166666666667
48385,26.3875
48387,24.0
48389,31.475
48391,27.7541666666667
48393,21.4583333333333
48395,27.2272727272727
48399,26.4666666666667
48401,25.6180555555583
48403,25.4333333333333
48407,26.1363636363636
48409,28.3694444444333
48411,25.9833333333333
48413,25.9166666666667
48415,25.125
48417,26.125
48419,25.7833333333333
48421,22.0333333333333
48423,25.0
48425,23.95
48427,32.1916666666667
48429,25.9916666666667
48431,26.45
48433,25.3333333333333
48435,26.475
48437,22.7666666666667
48439,25.0634424603175
48441,25.4291666666667
48443,29.0541666666667
48445,24.6166666666667
48447,27.16
48449,25.25
48451,26.8583333333333
48453,26.6506944444417
48455,26.4916666666667
48457,8.9
48459,25.3
48461,27.0458333333333
48463,28.5666666666667
48465,27.8625000000083
48467,23.7
48469,27.8645833333333
48471,26.0625
48475,31.6444444444444
48477,27.35
48479,29.975
48481,27.4125
48483,22.2166666666667
48485,24.8583333333333
48487,24.7333333333333
48489,29.775
48491,26.3875
48493,28.2666666666667
48495,27.5583333333333
48497,24.9083333333333
48499,24.5041666666667
48501,24.2166666666667
48503,25.8347222222225
48505,32.2
48507,30.1666666666667
49001,18.2584325396825
49003,17.6194444444425
49005,15.915476190475
49007,14.3938657407317
49009,11.3708333333382
49011,14.4726190476158
49013,13.7725378788
49015,18.4208333333333
49017,15.6987710437717
49019,19.6092592592642
49021,13.59587962963
49023,18.2020833333333
49025,21.2333333333475
49027,18.3396990740758
49029,14.950000000005
49031,13.7466666666667
49033,12.775
49035,17.186111111115
49037,18.2116666666667
49039,13.096997549015
49041,14.9818452380917
49043,12.1739223057713
49045,17.577953431375
49047,16.26935185185
49049,16.3797794117542
49051,15.5395833333333
49053,20.4990530302975
49055,15.7961309523842
49057,14.5158333333333
50001,12.3408333333333
50003,13.2958333333308
50005,10.84
50007,12.075
50011,10.7499999999992
50015,9.28916666666667
50017,11.6375
50019,12.0166666666667
50021,13.2083333333333
50023,11.2916666666661
50025,12.2583333333333
50027,12.8194444444483
51001,16.5125
51003,18.6083333333333
51007,20.375
51009,19.9833333333333
51011,19.1833333333333
51015,15.8166666666667
51017,16.5583333333333
51021,17.2583333333333
51023,20.6166666666667
51025,20.4
51027,19.2458333333333
51031,18.4416666666667
51037,19.775
51043,14.8916666666667
51045,19.575
51047,18.525
51051,18.7833333333333
51059,17.3166666666667
51061,18.4166666666667
51063,16.4166666666667
51065,20.3083333333333
51067,19.5
51069,16.6583333333333
51071,17.5666666666667
51075,20.8583333333333
51079,18.7333333333333
51083,20.65
51085,19.3791666666667
51087,19.7416666666667
51089,19.5333333333333
51091,15.5166666666667
51093,20.8166666666667
51099,19.3916666666667
51101,20.9416666666667
51105,19.3583333333333
51107,18.1638888888775
51109,19.1666666666667
51115,12.5333333333333
51117,20.4833333333333
51121,17.2041666666667
51131,19.575
51135,19.8333333333333
51137,19.0166666666667
51139,16.2958333333333
51141,20.2916666666667
51143,19.4833333333333
51147,20.0166666666667
51149,22.275
51155,17.2916666666667
51157,19.0666666666667
51159,20.2666666666667
51161,19.1041666666667
51165,17.8083333333333
51167,18.4333333333333
51171,17.9451388888917
51173,18.5916666666667
51183,20.8194444444417
51185,16.5375
51187,18.075
51191,18.8
51193,20.8583333333333
51195,18.3208333333333
51197,17.4166666666667
51199,8.0
53001,15.8541666666667
53005,17.7
53007,11.7747683751871
53009,12.9408333333283
53011,14.5080687830708
53013,12.8291666666667
53015,13.452777777775
53017,14.4770833333333
53019,12.2027777777725
53021,17.0683333333333
53023,13.8827777777725
53025,17.0154166666667
53027,14.2980555555525
53029,14.6583333333333
53031,14.1166666666667
53033,11.9625032966392
53035,12.9402777777742
53037,10.636755952375
53039,13.8323412698367
53041,13.7255952380917
53043,13.8097222222192
53045,15.0958333333333
53047,12.9467508417409
53049,14.3958333333333
53051,13.2333333333333
53053,12.2971064814775
53055,13.925
53057,14.8381944444417
53059,10.9805555555525
53061,12.9052519779783
53063,13.1205555555525
53065,15.5263888888892
53067,15.2916666666667
53069,15.425
53071,17.2250000000033
53073,13.7966666666667
53075,14.0277777777861
53077,13.3439393939393
54001,16.8666666666667
54003,18.2458333333333
54005,19.5583333333333
54007,18.3305555555417
54009,10.4857142857143
54011,19.125
54015,18.6
54017,17.2083333333333
54019,17.4791666666667
54021,18.1
54023,17.6083333333333
54025,15.6194444444473
54027,18.7333333333333
54031,18.1666666666667
54033,16.9875
54035,18.3583333333333
54037,16.7625
54039,18.6516666666667
54041,18.6
54043,19.8416666666667
54045,19.9
54049,16.5791666666667
54051,17.1166666666667
54055,16.8041666666667
54057,18.0083333333333
54059,18.3958333333333
54061,15.8861111111061
54063,17.475
54065,18.2333333333333
54067,15.35
54069,17.1416666666667
54071,17.4708333333333
54075,13.7902777777753
54077,15.1416666666667
54079,18.6458333333333
54081,15.5
54083,15.64375
54085,19.0125
54087,18.4333333333333
54089,17.9
54091,10.0
54093,14.8583333333333
54095,17.0916666666667
54097,16.6
54099,19.4749999999975
54101,15.440277777775
54105,18.64444444445
54107,18.1916666666667
54109,18.4895833333333
55003,11.1416666666667
55005,11.55625
55007,10.9
55009,12.5958333333333
55011,13.8083333333333
55013,12.3208333333333
55015,12.65
55017,12.1368055555583
55019,11.9625
55021,13.9152777777775
55023,14.3291666666667
55025,13.63625
55027,13.35
55029,11.825
55031,11.0472222222225
55033,14.1
55035,12.2625
55037,10.6
55039,13.0333333333333
55041,9.65
55043,13.7645833333333
55045,14.3916666666667
55049,12.77
55051,10.7125
55053,15.325
55055,13.7208333333358
55057,13.8125
55059,13.8541666666667
55061,11.525
55063,13.2458333333275
55065,14.0416666666667
55067,11.025
55069,11.1291666666667
55071,11.4416666666667
55073,12.3166666666667
55075,12.3833333333333
55077,12.8166666666667
55078,12.3666666666667
55079,13.802777777775
55081,12.80833333333
55083,12.475
55085,11.3805555555442
55087,12.9208333333333
55089,11.75
55093,12.6458333333333
55095,12.7277777777717
55097,12.1833333333333
55099,10.9055555555553
55101,13.175
55103,14.6
55105,14.3125
55107,11.6388888888833
55111,13.5229166666667
55113,11.507222222225
55115,12.472222222225
55117,12.7361111111058
55119,11.0583333333333
55121,13.5041666666667
55123,13.0333333333333
55125,10.4774999999992
55127,14.6041666666667
55129,12.275
55131,13.10277777777
55133,13.8166666666633
55135,12.5430555555475
55139,12.5916666666667
55141,12.3083333333333
56001,13.36875
56003,12.8816666666667
56005,15.4190476190487
56007,10.5633712121233
56009,12.9772222222142
56011,14.3061011904767
56013,11.9632567939467
56015,18.1708333333333
56017,16.5555555555586
56019,11.6463636363642
56021,16.7250000000025
56023,10.1544871795008
56025,12.3730654761917
56027,16.0833333333333
56029,11.4868770424839
56031,15.7972222222189
56033,9.90893939393942
56035,10.1504629629625
56037,14.1930555555525
56039,9.81195665445
56041,12.9791666666667
56043,14.7213888888939
